{"markdown": 1.2834820129999684, "mistune": 0.48956451700001935, "markdown-it-py": 1.8125555849999841, "cmarkgfm": 0.07091170800003965}